id,author,width,height,url,download_url
1,Alejandro Escamilla,5616,3744,https://unsplash.com/photos/LNRyGwIJr5c,https://picsum.photos/id/1/5616/3744
1001,Danielle MacInnes,5616,3744,https://unsplash.com/photos/1DkWWN1dr-s,https://picsum.photos/id/1001/5616/3744
1002,NASA,4312,2868,https://unsplash.com/photos/6-jTZysYY_U,https://picsum.photos/id/1002/4312/2868
1003,E+N Photographies,1181,1772,https://unsplash.com/photos/GYumuBnTqKc,https://picsum.photos/id/1003/1181/1772
1004,Greg Rakozy,5616,3744,https://unsplash.com/photos/SSxIGsySh8o,https://picsum.photos/id/1004/5616/3744
1005,Matthew Wiebe,5760,3840,https://unsplash.com/photos/tBtuxtLvAZs,https://picsum.photos/id/1005/5760/3840
1006,Vladimir Kudinov,3000,2000,https://unsplash.com/photos/-wWRHIUklxM,https://picsum.photos/id/1006/3000/2000
1008,Benjamin Combs,5616,3744,https://unsplash.com/photos/5L4XAgMSno0,https://picsum.photos/id/1008/5616/3744
1009,Christopher Campbell,5000,7502,https://unsplash.com/photos/CMWRIzyMKZk,https://picsum.photos/id/1009/5000/7502
101,Christian Bardenhorst,2621,1747,https://unsplash.com/photos/8lMhzUjD1Wk,https://picsum.photos/id/101/2621/1747
1011,Roberto Nickson,5472,3648,https://unsplash.com/photos/7BjmDICVloE,https://picsum.photos/id/1011/5472/3648
1012,Scott Webb,3973,2639,https://unsplash.com/photos/uAgLGG1WBd4,https://picsum.photos/id/1012/3973/2639
1013,Cayton Heath,4256,2832,https://unsplash.com/photos/D8LcRLwZyPs,https://picsum.photos/id/1013/4256/2832
1014,Oscar Keys,6016,4000,https://unsplash.com/photos/AmPRUnRb6N0,https://picsum.photos/id/1014/6016/4000
1015,Alexey Topolyanskiy,6000,4000,https://unsplash.com/photos/-oWyJoSqBRM,https://picsum.photos/id/1015/6000/4000
1016,Philippe Wuyts,3844,2563,https://unsplash.com/photos/_h7aBovKia4,https://picsum.photos/id/1016/3844/2563
1018,Andrew Ridley,3914,2935,https://unsplash.com/photos/Kt5hRENuotI,https://picsum.photos/id/1018/3914/2935
1019,Patrick Fore,5472,3648,https://unsplash.com/photos/V6s1cmE39XM,https://picsum.photos/id/1019/5472/3648
102,Ben Moore,4320,3240,https://unsplash.com/photos/pJILiyPdrXI,https://picsum.photos/id/102/4320/3240
1021,Frances Gunn,2048,1206,https://unsplash.com/photos/8BmNurlVR6M,https://picsum.photos/id/1021/2048/1206
1022,Vashishtha Jogi,6000,3376,https://unsplash.com/photos/bClr95glx6k,https://picsum.photos/id/1022/6000/3376
1023,William Hook,3955,2094,https://unsplash.com/photos/93Ep1dhTd2s,https://picsum.photos/id/1023/3955/2094
1024,Niko Virtanen,1920,1280,https://nikovirtanen.com,https://picsum.photos/id/1024/1920/1280
1025,Matthew Wiebe,4951,3301,https://unsplash.com/photos/U5rMrSI7Pn4,https://picsum.photos/id/1025/4951/3301
1026,Dmitrii Vaccinium,4621,3070,https://unsplash.com/photos/Q47eNv_UvfM,https://picsum.photos/id/1026/4621/3070
1027,Roksolana Zasiadko,2848,4272,https://unsplash.com/photos/LyeduBb2Auk,https://picsum.photos/id/1027/2848/4272
1028,Dikaseva,5184,3456,https://unsplash.com/photos/zvf7cZ0PC20,https://picsum.photos/id/1028/5184/3456
1029,freddie marriage,4887,2759,https://unsplash.com/photos/utwYoEu9SU8,https://picsum.photos/id/1029/4887/2759
103,Ilham Rahmansyah,2592,1936,https://unsplash.com/photos/DwTZwZYi9Ww,https://picsum.photos/id/103/2592/1936
1031,Mike Wilson,5446,3063,https://unsplash.com/photos/rM7B4DheQc0,https://picsum.photos/id/1031/5446/3063
1032,NASA,2880,1800,https://unsplash.com/photos/E7q00J_8N7A,https://picsum.photos/id/1032/2880/1800
1033,Erez Attias,2048,1365,https://unsplash.com/photos/KqVHRmHVwwM,https://picsum.photos/id/1033/2048/1365
1035,Jared Erondu,5854,3903,https://unsplash.com/photos/j4PaE7E2_Ws,https://picsum.photos/id/1035/5854/3903
1036,Wolfgang Lutz,4608,3072,https://unsplash.com/photos/yOujaSETXlo,https://picsum.photos/id/1036/4608/3072
1037,Jordan McQueen,5760,3840,https://unsplash.com/photos/93g2k8D1Mi8,https://picsum.photos/id/1037/5760/3840
1038,Marcelo Quinan,3914,5863,https://unsplash.com/photos/upywS5QFwr8,https://picsum.photos/id/1038/3914/5863
1039,Andrew Coelho,6945,4635,https://unsplash.com/photos/VB-w_3dnyvI,https://picsum.photos/id/1039/6945/4635
104,Dyaa Eldin,3840,2160,https://unsplash.com/photos/2fl-ocJ5MOA,https://picsum.photos/id/104/3840/2160
1041,Tim Marshall,5184,2916,https://unsplash.com/photos/yEOCA6oiVqg,https://picsum.photos/id/1041/5184/2916
1042,Jeremy Thomas,3456,5184,https://unsplash.com/photos/rMmibFe4czY,https://picsum.photos/id/1042/3456/5184
1043,Christian Joudrey,5184,3456,https://unsplash.com/photos/mWRR1xj95hg,https://picsum.photos/id/1043/5184/3456
1044,Steve Carter,4032,2268,https://unsplash.com/photos/Ixp4YhCKZkI,https://picsum.photos/id/1044/4032/2268
1045,Aleksandra Boguslawska,3936,2624,https://unsplash.com/photos/USOu_Ob9rxo,https://picsum.photos/id/1045/3936/2624
1047,sergee bee,3264,2448,https://unsplash.com/photos/bIQiMWxX_WU,https://picsum.photos/id/1047/3264/2448
1048,Anthony DELANOIX,5616,3744,https://unsplash.com/photos/b5POxb2aL9o,https://picsum.photos/id/1048/5616/3744
1049,Rosan Harmens,3900,3120,https://unsplash.com/photos/Sd8O2SgKDJA,https://picsum.photos/id/1049/3900/3120
1051,Ales Krivec,4928,3264,https://unsplash.com/photos/HkTMcmlMOUQ,https://picsum.photos/id/1051/4928/3264
1052,Annie Spratt,4000,2667,https://unsplash.com/photos/x8R2oSWZRSE,https://picsum.photos/id/1052/4000/2667
1053,Anna Popović,3596,2393,https://unsplash.com/photos/x7HJdJZqplo,https://picsum.photos/id/1053/3596/2393
1054,Sérgio Rola,3079,1733,https://unsplash.com/photos/B1amIgaNkwA,https://picsum.photos/id/1054/3079/1733
1055,Neil Thomas,5472,3648,https://unsplash.com/photos/12rzbJhQ89E,https://picsum.photos/id/1055/5472/3648
1056,Susanne Feldt,3988,2720,https://unsplash.com/photos/SIoHky3TPeo,https://picsum.photos/id/1056/3988/2720
1057,Stefan Kunze,6016,4016,https://unsplash.com/photos/_SmZSuZwkHg,https://picsum.photos/id/1057/6016/4016
1058,Liane Metzler,4608,3072,https://unsplash.com/photos/DDp-gC81V0w,https://picsum.photos/id/1058/4608/3072
1059,Clark Street Mercantile,7360,4912,https://unsplash.com/photos/vC-GqGbakJo,https://picsum.photos/id/1059/7360/4912
106,Arvee Marie,2592,1728,https://unsplash.com/photos/YnfGtpt2gf4,https://picsum.photos/id/106/2592/1728
1061,Rob Bye,3264,2448,https://unsplash.com/photos/Kc7xqFTtcc4,https://picsum.photos/id/1061/3264/2448
1062,Matthew Wiebe,5092,3395,https://unsplash.com/photos/2Ts5HnA67k8,https://picsum.photos/id/1062/5092/3395
1063,Alexandre Perotto,4867,3215,https://unsplash.com/photos/sai-x7brics,https://picsum.photos/id/1063/4867/3215
1064,Olivier Miche,4236,2819,https://unsplash.com/photos/iIg4F2IWbTM,https://picsum.photos/id/1064/4236/2819
1065,Bertrand Zuchuat,3744,5616,https://unsplash.com/photos/Uax2bg5EizU,https://picsum.photos/id/1065/3744/5616
1066,Giu Vicente,2144,1424,https://unsplash.com/photos/Bi4szXGcCAM,https://picsum.photos/id/1066/2144/1424
1067,Kevin Young,5760,3840,https://unsplash.com/photos/-icmOdYWXuQ,https://picsum.photos/id/1067/5760/3840
1068,Padurariu Alexandru,7117,4090,https://unsplash.com/photos/iNmouRApXYM,https://picsum.photos/id/1068/7117/4090
1069,Marat Gilyadzinov,3500,2333,https://unsplash.com/photos/wpTWYBll4_w,https://picsum.photos/id/1069/3500/2333
107,Lukas Schweizer,5760,3840,https://unsplash.com/photos/9VWOr22LhVI,https://picsum.photos/id/107/5760/3840
1071,Tim Stief,3000,1996,https://unsplash.com/photos/uzBiLWpjQEQ,https://picsum.photos/id/1071/3000/1996
1072,jamie mink,3872,2592,https://unsplash.com/photos/5Qwz2KyfIBE,https://picsum.photos/id/1072/3872/2592
1073,Patrick Tomasso,5472,3648,https://unsplash.com/photos/Oaqk7qqNh_c,https://picsum.photos/id/1073/5472/3648
1074,Samuel Scrimshaw,5472,3648,https://unsplash.com/photos/sseiVD2XsOk,https://picsum.photos/id/1074/5472/3648
1075,Verne Ho,4858,3239,https://unsplash.com/photos/dccIfU1V1VU,https://picsum.photos/id/1075/4858/3239
1076,Samuel Zeller,4835,3223,https://unsplash.com/photos/WlD3vixTVUg,https://picsum.photos/id/1076/4835/3223
1077,Maico Amorim,3000,1995,https://unsplash.com/photos/SJWPKMb9u-k,https://picsum.photos/id/1077/3000/1995
1078,Vladimir Kudinov,3000,2000,https://unsplash.com/photos/KBX9XHk266s,https://picsum.photos/id/1078/3000/2000
1079,Kamesh Vedula,4496,3000,https://unsplash.com/photos/ISL7czxIP-k,https://picsum.photos/id/1079/4496/3000
108,Florian Klauer,2000,1333,https://unsplash.com/photos/t1mqA3V3-7g,https://picsum.photos/id/108/2000/1333
1081,Julien Moreau,5512,3708,https://unsplash.com/photos/688Fna1pwOQ,https://picsum.photos/id/1081/5512/3708
1082,Lukas Budimaier,5416,3611,https://unsplash.com/photos/JzkgpML_8XI,https://picsum.photos/id/1082/5416/3611
1083,Sweet Ice Cream Photography,5472,3648,https://unsplash.com/photos/fwsvUxNgLRs,https://picsum.photos/id/1083/5472/3648
1084,Jay Ruzesky,4579,3271,https://unsplash.com/photos/h13Y8vyIXNU,https://picsum.photos/id/1084/4579/3271
109,Zwaddi,4287,2392,https://unsplash.com/photos/YvYBOSiBJE8,https://picsum.photos/id/109/4287/2392
11,Paul Jarvis,2500,1667,https://unsplash.com/photos/Cm7oKel-X2Q,https://picsum.photos/id/11/2500/1667
111,Gabe Rodriguez,4400,2656,https://unsplash.com/photos/eLUegVAjN7s,https://picsum.photos/id/111/4400/2656
112,Zugr,4200,2800,https://unsplash.com/photos/kmF_Aq8gkp0,https://picsum.photos/id/112/4200/2800
113,Zugr,4168,2464,https://unsplash.com/photos/yZf1quatKCA,https://picsum.photos/id/113/4168/2464
114,Brian Gonzalez,3264,2448,https://unsplash.com/photos/llYg8Ni43fc,https://picsum.photos/id/114/3264/2448
115,Christian Hebell,1500,1000,https://unsplash.com/photos/A6S-q3D67Ss,https://picsum.photos/id/115/1500/1000
116,Anton Sulsky,3504,2336,https://unsplash.com/photos/YcfCXxo7rpc,https://picsum.photos/id/116/3504/2336
